{"name":"Earthworm","tagline":"EW 是一款便携式的socks5代理服务器，可在复杂网络环境下快速完成socks5代理服务器的部署","body":"### 欢迎来到EarthWorm的主页.\r\nEW工具可以理解为一个便携式的socks5代理服务器。\r\n\r\n与socks5代理服务器不同的是，其多平台支持的代码结构，可以实现多种平台下的编译（Windows、Linux、MacOS）。\r\n\r\n该工具的另一强大之处在于其内置了自定义的网络控制协议，另该工具同时又成了一款增强型的lcx（端口转发工具），\r\n\r\n在该功能的帮助下，可以实现主机间的级联，让该工具在内网渗透测试中发挥更为强大的作用。\r\n\r\n工具中的网络控制协议除了能完成主机级联以外，还可以实现socks服务器的反向连接，进而冲破边界主机为目标内网主机的访问限制。\r\n\r\n\r\n```\r\n$ CMDS HERE\r\n```","google":"","note":"Don't delete this file! It's used internally to help with page regeneration."}